Disease,Number of Patients,Percentage
DENGUE,126529,0.3348266974336719
INFECCION RESPIRATORIA AGUDA GRAVE IRAG INUSITADA,72558,0.1920062239675676
MALARIA VIVAX,65305,0.1728130110560104
MALARIA FALCIPARUM,37521,0.09928974791872854
VARICELA INDIVIDUAL,31613,0.08365573414767104
TUBERCULOSIS PULMONAR,17322,0.04583825093809375
Other,27046,0.07157033453825676
