index,F,M
16-19,0.043137255,0.054487179
20-39,0.07369403,0.075933076
40-49,0.077484047,0.068965517
50-59,0.088483146,0.094027954
60-69,0.129496403,0.128242075
70-79,0.16039604,0.144736842
80,0.210970464,0.242346939
