index,No comorbidities,1-2 comorbidities,>=3 comorbidities
16-19,0.045283019,0.088235294,0.5
20-39,0.062781713,0.13099631,0.285714286
40-49,0.057664234,0.1024,0.131578947
50-59,0.077464789,0.077147016,0.304347826
60-69,0.074303406,0.137305699,0.203947368
70-79,0.077922078,0.137691238,0.241525424
80+,0.180851064,0.199616123,0.294820717
